{"test_f1":0.9802302096419409,"_timestamp":1.7728209528023832e+09,"_wandb":{"runtime":71},"train_loss":0.015376987196846801,"val_acc":0.9723333333333334,"val_f1":0.9721494628731959,"test_loss":0.0668554769629559,"epoch":15,"_step":15,"_runtime":71,"val_loss":0.14077618932726213,"test_acc":0.9804}